ISBN;weight
0020199600;8.13017994760293
0020442203;8.24129105871404
0028604199;7.912802055623827
0060008032;7.494194039142694
0060096195;8.080801346788025
0060173289;7.85935534834049
0060175966;8.106510866220578
0060194448;7.822882603790182
006019491X;8.232314741602293
0060256656;8.968725669373939
