ISBN;Book-Rating
0439425220;9.846153846153847
0836220889;9.75
0836218221;9.75
0060256656;9.75
0743454529;9.714285714285714
1573221112;9.666666666666666
0836218051;9.615384615384615
0394800168;9.545454545454545
0060256672;9.538461538461538
0836218787;9.533333333333333
